model_name,training_time,avg_inference_time,recall@10,precision@10,ndcg@10,hit_rate@10,coverage@10,diversity@10,recall@20,precision@20,ndcg@20,hit_rate@20,coverage@20,diversity@20,mrr
Content-Based Filtering,0.0633659362792968,0.0385834074020385,0.0185642135642135,0.01,0.0197230046591439,0.1,0.0415584415584415,0.0999999999999999,0.0342943722943722,0.012,0.0277376363096637,0.22,0.1376623376623376,0.0499999999999999,0.0578161703277802
GNN (GraphSAGE),1.6792950630187988,0.0008875179290771,0.017547619047619,0.012,0.0123049533658234,0.12,0.1012987012987013,0.652,0.031017316017316,0.011,0.0186073536257025,0.16,0.1883116883116883,0.483,0.0256587301587301
Hybrid (GNN + Content-Based),1.7426609992980957,0.0418372917175293,0.018564213564213564,0.01,0.012349850114743386,0.1,0.04935064935064935,0.19,0.03964357864357865,0.013000000000000001,0.02222800514259561,0.26,0.15324675324675324,0.303,0.03086362493715435
