model_name,training_time,avg_inference_time,recall@10,precision@10,ndcg@10,hit_rate@10,coverage@10,diversity@10,recall@20,precision@20,ndcg@20,hit_rate@20,coverage@20,diversity@20,mrr
Content-Based Filtering,0.0731868743896484,0.0470138931274414,0.0185642135642135,0.01,0.0197230046591439,0.1,0.0415584415584415,0.0999999999999999,0.0342943722943722,0.012,0.0277376363096637,0.22,0.1376623376623376,0.0499999999999999,0.0578161703277802
GNN (GraphSAGE),2.3458611965179443,0.0011082410812377,0.0360079365079365,0.026,0.0357474782640374,0.24,0.0818181818181818,0.51,0.0424523809523809,0.016,0.0382392600129374,0.3,0.1506493506493506,0.372,0.1003571428571428
Hybrid (GNN + Content-Based),2.4190480709075928,0.043707685470581056,0.025945165945165948,0.016,0.02034314410967779,0.16,0.04285714285714286,0.19999999999999996,0.05304834054834055,0.018000000000000002,0.03283652474199146,0.36,0.15194805194805194,0.24600000000000002,0.05982489732489732
